{
  "version": 1,
  "author": "cata",
  "editor": "wokwi",
  "parts": [
    { "type": "wokwi-arduino-uno", "id": "uno", "top": 54.02, "left": -72.01, "attrs": {} },
    {
      "type": "wokwi-analog-joystick",
      "id": "joystick1",
      "top": -77,
      "left": 184.34,
      "attrs": {}
    },
    {
      "type": "wokwi-max7219-matrix",
      "id": "matrix1",
      "top": -59.42,
      "left": -38.97,
      "attrs": { "chain": "2" }
    }
  ],
  "connections": [
    [ "matrix1:V+", "joystick1:VCC", "red", [ "h20.98", "v96.54", "h40.67", "v0.67" ] ],
    [ "matrix1:GND", "uno:GND.1", "black", [ "h12.98", "v54.94", "h-202.67", "v4" ] ],
    [ "matrix1:DIN", "uno:11", "green", [ "h6.31", "v48.68", "h-166" ] ],
    [ "matrix1:CS", "uno:10", "blue", [ "h10.31", "v43.74", "h-155.33" ] ],
    [ "matrix1:CLK", "uno:13", "orange", [ "h-0.36", "v21.48", "h-180.67" ] ],
    [ "joystick1:GND", "uno:GND.3", "black", [ "v243.6", "h-229.57", "v-19.33" ] ],
    [ "joystick1:HORZ", "uno:A1", "green", [ "v235.6", "h-35.04" ] ],
    [ "joystick1:VERT", "uno:A0", "gold", [ "v224.94", "h-13.43" ] ],
    [ "joystick1:SEL", "uno:2", "green", [ "v1.6", "h-79.97" ] ]
  ],
  "dependencies": {}
}